set,n,windows,win,avg_net_c,ci_lo,ci_hi,total_usd_C10,fees_c,hold_s,strategy,params
train,2705,415,0.288,-3.7,-4.03,-3.37,-999.96,2.57,10.0,dip-buy MR,"(0, 30, 30, 20, 60, 300, 40, 30, 20, 60, 0, 0)"
TEST,3073,511,0.288,-3.81,-4.29,-3.35,-1172.21,2.55,11.0,dip-buy MR,"(0, 30, 30, 20, 60, 300, 40, 30, 20, 60, 0, 0)"
train,4640,531,0.658,-3.15,-3.65,-2.63,-1463.7,2.9,91.0,momentum,"(1, 15, 30, 10, 120, 840, 60, 0, 0, 180, 0, 0)"
TEST,5200,628,0.633,-3.72,-4.28,-3.18,-1931.99,2.83,106.0,momentum,"(1, 15, 30, 10, 120, 840, 60, 0, 0, 180, 0, 0)"
train,817,409,0.459,-1.06,-3.06,0.87,-86.9,2.48,273.0,fair-gap taker (grid),"(2, 15, 100, 20, 300, 840, 0, 0, 0, 0, 1, 1)"
TEST,1035,478,0.478,0.03,-1.79,1.88,2.71,2.41,304.0,fair-gap taker (grid),"(2, 15, 100, 20, 300, 840, 0, 0, 0, 0, 1, 1)"
train,850,409,0.436,-1.11,-2.79,0.71,-94.34,2.59,212.0,DERIVED fair-gap scalp (locked),"(2, 15, 100, 20, 300, 840, 0, 0, 0, 0, 1, 0){'FS': 100}"
TEST,1068,478,0.451,-0.4,-2.04,1.22,-42.74,2.51,243.0,DERIVED fair-gap scalp (locked),"(2, 15, 100, 20, 300, 840, 0, 0, 0, 0, 1, 0){'FS': 100}"
train,2072,482,0.802,-1.03,-1.64,-0.47,-213.59,0.26,40.0,maker both legs (queue-aware),"(0, 15, 100, 300, 840, 15, 40, 0, 180)"
TEST,2504,568,0.782,-1.5,-2.02,-0.98,-375.18,0.27,44.0,maker both legs (queue-aware),"(0, 15, 100, 300, 840, 15, 40, 0, 180)"
