hour,train,train_n,test,test_n,coin
0,-3.6451629629629627,54.0,-3.4816666666666665,60,BTC
1,-3.4123749999999995,48.0,-6.891147058823528,68,BTC
2,-4.752272727272727,44.0,-2.991130434782608,46,BTC
3,-3.8222222222222224,27.0,-4.475,44,BTC
4,-3.3285714285714287,21.0,-1.618484375,32,BTC
5,-0.7263272727272724,33.0,-5.080555555555556,36,BTC
6,-0.5725000000000001,40.0,-1.4312631578947366,38,BTC
7,-5.3364242424242425,33.0,-5.250980392156863,51,BTC
8,-2.6533333333333333,45.0,-0.3675675675675677,37,BTC
9,-3.6928148148148146,27.0,1.8159840000000003,25,BTC
10,-2.076923076923077,26.0,3.0444444444444443,18,BTC
11,-2.892411538461537,26.0,-1.2730769230769228,26,BTC
12,-3.4451612903225803,31.0,-3.222541935483871,31,BTC
13,-3.1714285714285713,42.0,-3.561224489795918,49,BTC
14,-2.7104561403508773,57.0,-2.070707692307692,65,BTC
15,-4.3,55.0,-2.4267857142857143,56,BTC
16,-4.154999999999999,80.0,-1.0086555555555554,54,BTC
17,-0.6261524999999999,80.0,-2.45,60,BTC
18,-2.6567027027027024,74.0,-3.033823529411765,68,BTC
19,-3.976722891566265,83.0,-3.8627820512820517,78,BTC
20,-2.7822438356164385,73.0,-3.8730506024096387,83,BTC
21,-4.24468085106383,47.0,-2.423760655737705,61,BTC
22,-4.530769230769231,52.0,-2.126086956521739,46,BTC
23,-4.3999999999999995,64.0,-2.413333333333333,45,BTC
0,-3.5361904761904763,21.0,-3.1,30,ETH
1,-3.941454545454545,22.0,0.8466666666666666,15,ETH
2,0.17250000000000046,12.0,-0.971826086956522,23,ETH
3,-5.316666666666666,12.0,-1.8727272727272728,11,ETH
4,-0.08000000000000007,5.0,0.5000000000000001,5,ETH
5,2.853846153846154,13.0,-1.6,11,ETH
6,-0.7692307692307693,13.0,-2.843714285714285,21,ETH
7,-5.8667428571428575,14.0,-7.276333333333333,30,ETH
8,-3.505000000000001,12.0,-1.627722222222222,18,ETH
9,1.8250000000000002,8.0,-3.81,10,ETH
10,-6.3090909090909095,11.0,3.7775,16,ETH
11,-0.09333333333333371,12.0,-2.4076923076923076,13,ETH
12,-4.540000000000001,10.0,-4.095,16,ETH
13,-1.2553846153846153,13.0,-5.47741935483871,31,ETH
14,-1.589363636363636,22.0,1.0171515151515154,33,ETH
15,-1.808421052631579,19.0,-4.646153846153846,26,ETH
16,-6.739121212121212,33.0,-1.8611111111111112,18,ETH
17,-3.0484615384615386,39.0,0.9895789473684218,19,ETH
18,-0.135238095238095,21.0,-6.9136,25,ETH
19,-1.0564848484848484,33.0,-0.40484848484848507,33,ETH
20,1.0195714285714286,14.0,-4.0307692307692315,13,ETH
21,-0.9805714285714299,7.0,-0.09571428571428596,7,ETH
22,0.972727272727273,11.0,-4.0,12,ETH
23,-3.033333333333333,21.0,-9.33181818181818,22,ETH
0,4.46,5.0,-1.9425000000000001,8,SOL
1,0.7333333333333334,3.0,-8.312857142857142,7,SOL
2,-9.3,1.0,-3.5200000000000005,5,SOL
3,-0.8666666666666666,3.0,4.133333333333334,12,SOL
4,-7.699999999999999,2.0,-7.641450000000001,2,SOL
5,-0.9750000000000001,4.0,-1.8722058823529413,17,SOL
6,-4.055249999999999,4.0,-7.1732000000000005,25,SOL
7,2.6999999999999997,3.0,-4.706666666666667,12,SOL
8,,,-3.077777777777778,9,SOL
9,,,-4.279999999999999,10,SOL
10,-3.132,5.0,-6.8265714285714285,7,SOL
11,5.320999999999999,4.0,-5.65485,8,SOL
12,,,-1.5920833333333329,12,SOL
13,-9.05,4.0,-3.2582625000000003,16,SOL
14,-12.2,1.0,-3.4670909090909094,11,SOL
15,4.816666666666666,6.0,-2.625,8,SOL
16,-7.4,13.0,-4.32375,8,SOL
17,-7.544428571428571,14.0,-0.20636363636363617,22,SOL
18,-3.033333333333333,6.0,-7.183333333333334,12,SOL
19,-3.8270000000000013,4.0,7.883333333333334,12,SOL
20,-9.5,2.0,-4.453888888888888,9,SOL
21,-4.885714285714286,7.0,-3.87,5,SOL
22,-6.720000000000001,5.0,-6.645454545454545,11,SOL
23,-4.540625,8.0,-3.37184,10,SOL
