week,coin,pick,prior_mean
2026-01-05,BTC,g10-t12-s08-d15-w180,-0.0036363636363637205
2026-01-12,BTC,g10-t08-s06-d10-w180,-0.6649851632047479
2026-01-12,ETH,g04-t12-s08-d15-w180,-0.6195020746887967
2026-01-19,BTC,g10-t08-s06-d10-w180,-0.2773364485981309
2026-01-19,ETH,g06-t12-s08-d15-w180,0.43457943925233644
2026-01-26,BTC,g10-t12-s08-d15-w180,-0.980068143100511
2026-01-26,ETH,g06-t12-s08-d15-w180,-0.5422619047619046
2026-02-02,BTC,g14-t12-s08-d15-w180,-0.9301587301587302
2026-02-02,ETH,g06-t12-s08-d15-w180,-1.1485999999999998
2026-02-02,SOL,g04-t12-s08-d15-w300,-2.2257641921397378
2026-02-09,BTC,g14-t08-s06-d10-w180,-1.1161654135338348
2026-02-09,ETH,g10-t12-s08-d15-w180,0.08623853211009173
2026-02-09,SOL,g06-t08-s06-d10-w180,-2.373228346456693
2026-02-16,BTC,g14-t08-s06-d10-w180,-0.988929889298893
2026-02-16,ETH,g10-t12-s08-d15-w180,-0.6512915129151291
2026-02-16,SOL,g06-t08-s06-d10-w300,-1.6035587188612102
2026-02-23,BTC,g14-t08-s06-d10-w180,-0.7396491228070176
2026-02-23,ETH,g10-t12-s08-d15-w180,0.14738461538461536
2026-02-23,SOL,g04-t12-s08-d15-w300,-2.498677248677249
2026-03-02,BTC,g14-t08-s06-d10-w180,-0.8948979591836735
2026-03-02,ETH,g10-t12-s08-d15-w180,-0.5182519280205655
2026-03-02,SOL,g06-t08-s06-d10-w300,-2.60381679389313
2026-03-09,BTC,g14-t08-s06-d10-w180,-0.8611295681063122
2026-03-09,ETH,g10-t12-s08-d15-w180,-0.6961538461538462
2026-03-09,SOL,g10-t03-s03-d06-w180,-1.4936274509803922
2026-03-16,BTC,g14-t08-s06-d10-w180,-0.984640522875817
2026-03-16,ETH,g10-t12-s08-d15-w180,-0.5967280163599182
2026-03-16,SOL,g10-t03-s03-d06-w180,-1.5210300429184551
2026-03-23,BTC,g14-t08-s06-d10-w180,-1.0074193548387098
2026-03-23,ETH,g10-t12-s08-d15-w180,-0.9294532627865961
2026-03-23,SOL,g10-t03-s03-d06-w180,-1.4519230769230769
2026-03-30,BTC,g14-t04-s04-d06-w300,-0.6300970873786408
2026-03-30,ETH,g10-t12-s08-d15-w180,-1.3116129032258066
2026-03-30,SOL,g10-t03-s03-d06-w180,-1.9841614906832297
2026-04-06,BTC,g14-t08-s06-d10-w300,0.34768518518518515
2026-04-06,ETH,g10-t12-s08-d15-w480,-0.590521327014218
2026-04-06,SOL,g10-t12-s08-d15-w180,-1.2624060150375942
2026-04-13,BTC,g14-t08-s06-d10-w300,0.5931818181818181
2026-04-13,ETH,g10-t12-s08-d15-w480,-0.7068965517241379
2026-04-13,SOL,g10-t12-s08-d15-w180,-0.7675324675324676
2026-04-20,BTC,g14-t08-s06-d10-w300,0.42943722943722945
2026-04-20,ETH,g10-t12-s08-d15-w480,-1.5706827309236948
2026-04-20,SOL,g10-t12-s08-d15-w180,-0.9229249011857708
2026-04-27,BTC,g14-t08-s06-d10-w300,0.47975206611570254
2026-04-27,ETH,g10-t12-s08-d15-w480,-1.3923611111111112
2026-04-27,SOL,g10-t12-s08-d15-w480,-0.28405797101449276
2026-05-04,BTC,g14-t08-s06-d10-w300,0.41744186046511633
2026-05-04,ETH,g10-t12-s08-d15-w480,-1.560790273556231
2026-05-04,SOL,g10-t12-s08-d15-w480,-0.12869565217391296
2026-05-11,BTC,g14-t08-s06-d10-w300,0.4202205882352942
2026-05-11,ETH,g10-t12-s08-d15-w480,-2.468918918918919
2026-05-11,SOL,g10-t12-s08-d15-w480,-0.6696153846153846
2026-05-18,BTC,g14-t08-s06-d10-w300,0.22098360655737712
2026-05-18,ETH,g10-t12-s08-d15-w480,-2.275990099009901
2026-05-18,SOL,g10-t12-s08-d15-w480,-0.5404255319148936
2026-05-25,BTC,g14-t08-s06-d10-w300,-0.3693370165745855
2026-05-25,ETH,g10-t08-s06-d10-w480,-2.3280851063829786
2026-05-25,SOL,g10-t12-s08-d15-w480,-0.7132258064516129
2026-06-01,BTC,g14-t08-s06-d10-w300,-1.86455938697318
2026-06-01,ETH,g10-t12-s08-d15-w480,-2.4864915572232644
2026-06-01,SOL,g10-t12-s08-d15-w480,-0.6017910447761193
2026-06-08,BTC,g14-t08-s06-d10-w300,-2.00036832412523
2026-06-08,ETH,g10-t08-s06-d10-w480,-2.3760141093474427
2026-06-08,SOL,g10-t12-s08-d15-w480,-0.4178272980501393
2026-06-15,BTC,g14-t08-s06-d10-w300,-2.00087260034904
2026-06-15,ETH,g10-t12-s08-d15-w480,-2.526916524701874
2026-06-15,SOL,g10-t12-s08-d15-w480,-0.3428571428571429
2026-06-22,BTC,g14-t08-s06-d10-w300,-2.0290429042904288
2026-06-22,ETH,g14-t03-s03-d06-w180,-2.6319266055045873
2026-06-22,SOL,g10-t12-s08-d15-w480,-0.44640198511166257
2026-06-29,BTC,g14-t08-s06-d10-w300,-2.1034108527131785
2026-06-29,ETH,g10-t12-s08-d15-w480,-2.9277392510402223
2026-06-29,SOL,g14-t12-s08-d15-w180,-0.932807570977918
2026-07-06,BTC,g14-t08-s06-d10-w300,-2.1963396778916544
2026-07-06,ETH,g10-t08-s06-d10-w480,-2.5638403990024936
2026-07-06,SOL,g14-t12-s08-d15-w300,-0.22488038277511951
2026-07-13,BTC,g14-t08-s06-d10-w300,-2.1902338376891333
2026-07-13,ETH,g10-t12-s08-d15-w480,-2.4985454545454546
2026-07-13,SOL,g14-t12-s08-d15-w300,-0.9783898305084746
2026-07-20,BTC,g14-t12-s08-d15-w180,-2.5642402826855126
2026-07-20,ETH,g10-t12-s08-d15-w480,-2.6310265282583623
2026-07-20,SOL,g14-t12-s08-d15-w300,-1.442124542124542
2026-07-27,BTC,g14-t12-s08-d15-w300,-2.4516826923076924
2026-07-27,ETH,g14-t03-s03-d06-w480,-2.63047619047619
2026-07-27,SOL,g10-t12-s08-d15-w480,-1.5619791666666665
2026-08-03,BTC,g14-t12-s08-d15-w300,-2.53515625
2026-08-03,ETH,g14-t03-s03-d06-w480,-2.8650224215246634
2026-08-03,SOL,g14-t08-s06-d10-w300,-1.4984496124031008
2026-08-10,BTC,g14-t12-s08-d15-w300,-2.8030876494023906
2026-08-10,ETH,g14-t03-s03-d06-w480,-2.5813008130081303
2026-08-10,SOL,g14-t08-s06-d10-w300,-1.7252272727272728
2026-08-17,BTC,g10-t12-s08-d15-w180,-3.0558245083207263
2026-08-17,ETH,g10-t08-s06-d10-w480,-3.611772315653299
2026-08-17,SOL,g14-t08-s06-d10-w480,-0.2346153846153846
2026-08-24,BTC,g14-t12-s08-d15-w300,-2.9282362459546927
2026-08-24,ETH,g10-t08-s06-d10-w480,-3.679754601226994
2026-08-24,SOL,g14-t08-s06-d10-w480,0.19154929577464794
2026-08-31,BTC,g14-t12-s08-d15-w300,-2.8313880126182966
2026-08-31,ETH,g10-t12-s08-d15-w480,-3.6941570298234936
2026-08-31,SOL,g14-t08-s06-d10-w480,0.03276450511945398
2026-09-07,BTC,g14-t12-s08-d15-w300,-2.821921921921922
2026-09-07,ETH,g10-t08-s06-d10-w480,-3.6081750143926308
2026-09-07,SOL,g14-t08-s06-d10-w480,0.1538720538720539
2026-09-14,BTC,g14-t12-s08-d15-w300,-2.851939655172414
2026-09-14,ETH,g10-t12-s08-d15-w300,-3.6669765950625197
2026-09-14,SOL,g14-t08-s06-d10-w480,0.17339743589743595
2026-09-21,BTC,g14-t12-s08-d15-w300,-2.7763790664780763
2026-09-21,ETH,g10-t12-s08-d15-w300,-3.6593023255813955
2026-09-21,SOL,g14-t08-s06-d10-w480,0.21320754716981136
