week,n,mean_c,net_usd
2026-01-05,111,-2.5081081081081082,-27.84
2026-01-12,174,-0.0034482758620690145,-0.06
2026-01-19,293,-3.116040955631399,-91.3
2026-01-26,290,-2.7720689655172412,-80.39
2026-02-02,278,-3.0172661870503594,-83.88
2026-02-09,184,-2.990217391304348,-55.02
2026-02-16,184,-1.861413043478261,-34.25
2026-02-23,339,-3.996755162241888,-135.49
2026-03-02,147,-4.147619047619048,-60.97
2026-03-09,81,-0.9370370370370373,-7.59
2026-03-16,109,-2.4706422018348624,-26.93
2026-03-23,150,-3.6633333333333336,-54.95
2026-03-30,146,-2.176712328767123,-31.78
2026-04-06,88,1.876136363636364,16.51
2026-04-13,72,-5.15,-37.08
2026-04-20,98,-1.379591836734694,-13.52
2026-04-27,80,-1.1462499999999998,-9.17
2026-05-04,85,-6.328235294117647,-53.79
2026-05-11,89,-0.3505617977528091,-3.12
2026-05-18,144,-2.995833333333333,-43.14
2026-05-25,257,-4.256420233463035,-109.39
2026-06-01,69,-1.056521739130435,-7.29
2026-06-08,82,-3.257317073170732,-26.71
2026-06-15,112,-3.1258928571428575,-35.01
2026-06-22,207,-5.023188405797101,-103.98
2026-06-29,141,-1.2070921985815604,-17.02
2026-07-06,115,-3.2991304347826085,-37.94
2026-07-13,154,-5.631168831168831,-86.72
2026-07-20,229,-4.248908296943231,-97.3
2026-07-27,163,-3.739877300613497,-60.96
2026-08-03,184,-3.902717391304348,-71.81
2026-08-10,509,-5.608251473477407,-285.46
2026-08-17,317,-2.8482649842271295,-90.29
2026-08-24,109,-2.779816513761468,-30.3
2026-08-31,104,-1.2721153846153848,-13.23
2026-09-07,118,-4.396610169491525,-51.88
2026-09-14,91,-1.6351648351648356,-14.88
2026-09-21,19,-2.7263157894736842,-5.18
