week,momo
2026-01-05,-4.7799204771371775
2026-01-12,-3.094532627865961
2026-01-19,-3.568827160493827
2026-01-26,-4.366666666666666
2026-02-02,-4.082147165259348
2026-02-09,-4.834253731343283
2026-02-16,-4.981735751295337
2026-02-23,-4.065789473684211
2026-03-02,-5.1811188811188815
2026-03-09,-5.031222292590247
2026-03-16,-4.323146576117714
2026-03-23,-4.347746650426309
2026-03-30,-4.716783663050415
2026-04-06,-4.681467753891772
2026-04-13,-4.775927174645988
2026-04-20,-5.809314359637775
2026-04-27,-3.730520393811533
2026-05-04,-4.957290322580645
2026-05-11,-5.831132646880679
2026-05-18,-5.251448435689455
2026-05-25,-4.6440024110910185
2026-06-01,-3.9353773584905665
2026-06-08,-5.699236252545824
2026-06-15,-4.379923203510697
2026-06-22,-5.035390946502058
2026-06-29,-6.388888888888889
2026-07-06,-5.009078651685393
2026-07-13,-5.061053984575835
2026-07-20,-5.200782537067545
2026-07-27,-4.310255300735612
2026-08-03,-4.418168812589413
2026-08-10,-5.250712250712251
2026-08-17,-4.93775
2026-08-24,-3.905889328063241
2026-08-31,-4.241040242976461
2026-09-07,-4.1971642378889324
2026-09-14,-4.593661971830986
2026-09-21,-5.129087158329035
