week,dip
2026-01-05,-5.524064171122995
2026-01-12,-5.830864197530864
2026-01-19,-5.530401034928849
2026-01-26,-4.083209351753454
2026-02-02,-4.457726180944755
2026-02-09,-4.701753155680224
2026-02-16,-4.815645805592544
2026-02-23,-4.955828877005348
2026-03-02,-3.784252416145537
2026-03-09,-4.712305516265912
2026-03-16,-4.993355704697986
2026-03-23,-5.547562582345192
2026-03-30,-4.392640990371389
2026-04-06,-3.9576807228915665
2026-04-13,-4.280381086803105
2026-04-20,-4.033490884537475
2026-04-27,-4.646852646638054
2026-05-04,-5.271204516938519
2026-05-11,-4.652869080779944
2026-05-18,-4.24199896426722
2026-05-25,-4.493692224034802
2026-06-01,-4.163097713097713
2026-06-08,-3.5761003070624358
2026-06-15,-4.2037183098591555
2026-06-22,-3.985637823371989
2026-06-29,-3.746693121693122
2026-07-06,-3.720245658619229
2026-07-13,-4.720668425681618
2026-07-20,-4.052509332227292
2026-07-27,-3.7826860841423944
2026-08-03,-4.409310198899704
2026-08-10,-4.850862068965517
2026-08-17,-4.683673469387755
2026-08-24,-4.955029857602205
2026-08-31,-4.17680608365019
2026-09-07,-4.186278026905829
2026-09-14,-4.771544023819651
2026-09-21,-4.969300911854103
