week,xrev
2026-01-05,-3.496116504854369
2026-01-12,-4.5600000000000005
2026-01-19,-0.9736111111111114
2026-01-26,-4.486029411764706
2026-02-02,-3.556603773584906
2026-02-09,-3.5292452830188674
2026-02-16,-1.86
2026-02-23,-4.525514403292181
2026-03-02,-2.0475490196078434
2026-03-09,-3.41404958677686
2026-03-16,-2.3697278911564625
2026-03-23,-3.921602787456446
2026-03-30,-2.839453125
2026-04-06,-2.4060465116279066
2026-04-13,-0.20985915492957774
2026-04-20,-1.8644444444444446
2026-04-27,-3.627480916030535
2026-05-04,0.6396396396396394
2026-05-11,-4.752554744525548
2026-05-18,-1.762037037037037
2026-05-25,-2.1209497206703913
2026-06-01,-4.148854961832061
2026-06-08,-3.3469026548672565
2026-06-15,-3.1236301369863013
2026-06-22,-4.576113360323887
2026-06-29,-2.6329457364341087
2026-07-06,-2.5098591549295777
2026-07-13,-3.5053763440860215
2026-07-20,-2.4068656716417913
2026-07-27,-3.64
2026-08-03,-2.196753246753247
2026-08-10,-0.5881188118811881
2026-08-17,0.687062937062937
2026-08-24,0.04081632653061213
2026-08-31,-1.5352112676056338
2026-09-07,-2.292708333333333
2026-09-14,-2.045161290322581
2026-09-21,0.8227642276422764
